2,ivan@mail.bg,ivan
3,petar@mail.bg,petar
4,ivailo@mail.bg,ivailo
5,petak@mail.bg,petak
6,zori@mail.bg,zori
7,izaura@mail.bg,izaura
8,ferhunde@mail.bg,ferhunde
9,petq-gergana@mail.bg,petq-gergana
10,milkov@mail.bg,milkov
11,svilen@mail.bg,svilen
12,jordanov@mail.bg,jordanov
13,georgiev@mail.bg,georgiev
14,gg@mail.bg,gg
15,petarpetrov@mail.bg,petarpetrov
16,vasilGudzhev@mail.bg,vasilGudzhev
17,vgudzhev@mail.bg,vgudzhev
18,katq@mail.bg,katq
19,bogoy@mail.bg,bogoy
20,silvia@mail.bg,silvia
21,nadia@mail.bg,nadia
22,mitko@mail.bg,mitko
23,silvena@mail.bg,silvena
24,jeki@mail.bg,jeki
25,stambata@mail.bg,stambata
26,an@mail.bg,an
27,stoyan@mail.bg,stoyan
28,dimana@mail.bg,dimana
29,pavkata@mail.bg,pavkata
30,mitaheto@mail.bg,mitaheto
